{
    //details

    "description": "Black",
    "name": "Black",
    "details": "Black",

    //stats

    "type": "flying",
    "template": "ErekirUnitType",
    "flying": true,
    "lowAltitude": true,
    "health": 120000,
    "armor": 0,
    "hitSize": 24,
    "speed": 4,
    "rotateSpeed": 3,
    "layerOffset": 300,
    "groundLayer": 200,
    "accel": 0.1,
    "drag": 0.1,

    //stats [build]

    "mineWalls": true,
    "mineFloor": true,
    "mineSpeed": 10000,
    "mineTier": 10,
    "buildSpeed": 10000,
    "itemCapacity": 10000,

    //weapon

    "weapons":[
    {
    "name": wep
        "x": 0
        "y": 0
        "layerOffset": 100
        "reload": 2
        "shootSound": drillImpact
        "mirror": false
        "recoil": 0
        "shootX": 0
        "shootY": 0
        "soundPitchMin": 0
        "soundPitchMax": 2
        "shootEffect": shootPyraFlame
        "inaccuracy": 6
        "rotate": true
        "rotateSpeed": 12
        "shootCone": 40
        "bullet": {
            "type": BasicBulletType
            "backColor": aa0000
            "frontColor": ffaa44
            "mixColorFrom": ff4444
            "mixColorTo": 880000
            "damage": 0
            "width": 16
            "height": 16
            "lifetime": 10
            "speed": 36
            "hitSound": spark
            "hitSoundPitch": 4
            "hittable": false
            "reflectable": false
            "splashDamageRadius": 40
            "splashDamage": 300
            "buildingDamageMultiplier": 0.01
            "splashDamagePierce": true
            "lightRadius": 0
            "lightColor": 000000
            "hitEffect": explosion
            "hitColor": ff0000
            "hitSize": 16
    }}
    ]

    //campaign

    "research": {
        "parent": "base",
        "requirements": [],
    }
}